Date,Open,High,Low,Close,Volume
2022-05-11,255.1000061035156,267.3999938964844,255.1000061035156,263.8999938964844,2541935
2022-05-12,256.75,268.0,250.1999969482422,259.54998779296875,1161076
2022-05-13,269.95001220703125,271.0,248.0,250.3000030517578,1863917
2022-05-16,250.0,259.3500061035156,246.6499938964844,256.75,733435
2022-05-17,258.0,268.25,257.45001220703125,263.29998779296875,787203
2022-05-18,264.0,268.45001220703125,263.20001220703125,266.0,423400
2022-05-19,260.0,264.8500061035156,258.3500061035156,263.1000061035156,331745
2022-05-20,265.8500061035156,273.8999938964844,263.1499938964844,272.6000061035156,973015
2022-05-23,274.20001220703125,274.20001220703125,262.75,264.79998779296875,369039
2022-05-24,264.0,271.0,262.54998779296875,264.6499938964844,624869
2022-05-25,265.0,265.04998779296875,254.0500030517578,257.75,443575
2022-05-26,257.0,265.0,253.0,261.45001220703125,599231
2022-05-27,262.5,262.79998779296875,255.1000061035156,257.70001220703125,429180
2022-05-30,260.0,262.8999938964844,258.54998779296875,259.45001220703125,464561
2022-05-31,259.0,261.20001220703125,253.3000030517578,254.5,647980
2022-06-01,253.5,256.8999938964844,251.4499969482422,253.5500030517578,577062
2022-06-02,252.5,257.0,252.5,254.3500061035156,366022
2022-06-03,255.0,259.3500061035156,253.3999938964844,255.0500030517578,462717
2022-06-06,255.75,255.75,252.1999969482422,253.6000061035156,213665
2022-06-07,253.5,254.5500030517578,245.5500030517578,247.0500030517578,482401
2022-06-08,248.1999969482422,249.6999969482422,240.0,242.25,715795
2022-06-09,241.6999969482422,242.5500030517578,237.75,240.8000030517578,493416
2022-06-10,239.8999938964844,242.9499969482422,236.1499938964844,237.3000030517578,499783
2022-06-13,235.5,237.9499969482422,230.0,230.9499969482422,504353
2022-06-14,229.1999969482422,234.0,226.6499938964844,232.3999938964844,803060
2022-06-15,235.0,237.9499969482422,232.4499969482422,234.3999938964844,1088870
2022-06-16,235.6000061035156,236.25,222.8500061035156,224.3000030517578,526851
2022-06-17,223.6000061035156,226.0,218.3999938964844,219.1000061035156,500306
2022-06-20,221.1999969482422,221.1999969482422,211.0,213.8500061035156,465797
2022-06-21,215.8000030517578,219.6000061035156,214.3999938964844,218.5500030517578,857478
2022-06-22,219.1499938964844,219.1499938964844,213.1000061035156,214.0500030517578,595416
2022-06-23,214.8999938964844,215.5,210.0,211.8999938964844,391907
2022-06-24,213.3500061035156,217.0,209.4499969482422,214.8999938964844,753923
2022-06-27,216.6000061035156,218.6999969482422,215.4499969482422,216.6999969482422,337717
2022-06-28,216.25,217.0,212.1000061035156,213.75,735998
2022-06-29,212.0,219.3999938964844,210.4499969482422,216.3999938964844,1040403
2022-06-30,218.9499969482422,221.6499938964844,213.0500030517578,217.8999938964844,2179880
2022-07-01,220.3999938964844,221.9499969482422,215.5500030517578,218.5,882222
2022-07-04,221.0,223.5,216.0500030517578,222.4499969482422,782148
2022-07-05,223.3999938964844,228.8000030517578,221.6499938964844,226.4499969482422,1576999
2022-07-06,226.6999969482422,229.1499938964844,222.1499938964844,227.1999969482422,1123636
2022-07-07,227.6499938964844,233.8500061035156,227.1000061035156,231.9499969482422,796282
2022-07-08,233.0,233.1499938964844,227.5,230.3999938964844,363964
2022-07-11,227.1999969482422,232.3000030517578,227.1999969482422,230.6499938964844,689509
2022-07-12,230.9499969482422,230.9499969482422,224.1000061035156,226.3500061035156,346316
2022-07-13,231.9499969482422,231.9499969482422,225.1000061035156,227.25,809243
2022-07-14,227.5500030517578,233.75,225.1000061035156,231.8500061035156,547448
2022-07-15,232.8500061035156,235.0,224.0500030517578,228.1000061035156,675607
2022-07-18,230.0,234.8500061035156,228.6999969482422,231.5500030517578,1700724
2022-07-19,230.5,232.6000061035156,228.1000061035156,229.5,681544
2022-07-20,231.5,232.8999938964844,226.8500061035156,228.1000061035156,1101218
2022-07-21,229.4499969482422,230.1499938964844,226.5500030517578,228.75,587750
2022-07-22,229.75,242.3000030517578,228.8000030517578,239.6999969482422,2657149
2022-07-25,239.6000061035156,239.8500061035156,228.0500030517578,228.8000030517578,1449823
2022-07-26,226.6000061035156,229.9499969482422,220.1000061035156,221.9499969482422,862943
2022-07-27,221.1999969482422,231.8999938964844,219.8000030517578,229.25,1006580
2022-07-28,232.3500061035156,232.8000030517578,227.0500030517578,230.5,836517
2022-07-29,230.6999969482422,233.8000030517578,230.6999969482422,232.3999938964844,412309
2022-08-01,232.0,239.0,231.6499938964844,238.1499938964844,976148
2022-08-02,238.0,240.4499969482422,235.1000061035156,236.3500061035156,930720
2022-08-03,237.0,241.5,235.6499938964844,239.8500061035156,791210
2022-08-04,241.5,241.5,234.3000030517578,238.3999938964844,724262
2022-08-05,240.3999938964844,245.5,233.9499969482422,235.5500030517578,1450592
2022-08-08,236.75,238.75,233.4499969482422,236.25,493571
2022-08-10,238.0,238.4499969482422,230.1999969482422,230.6499938964844,426931
2022-08-11,231.1000061035156,240.0,231.1000061035156,236.4499969482422,1361446
2022-08-12,233.5500030517578,249.1999969482422,233.5500030517578,246.9499969482422,2875191
2022-08-16,251.0,251.6000061035156,244.0,246.75,1056534
2022-08-17,246.75,247.6000061035156,243.6999969482422,244.25,504745
2022-08-18,244.3000030517578,249.1999969482422,244.0500030517578,248.1999969482422,702403
2022-08-19,249.1000061035156,250.1499938964844,244.1000061035156,245.1000061035156,610896
2022-08-22,245.1000061035156,245.1499938964844,238.3000030517578,239.4499969482422,419990
2022-08-23,238.5,245.3000030517578,238.0,242.1999969482422,718980
2022-08-24,242.0,247.1499938964844,240.25,241.3999938964844,808612
2022-08-25,243.8000030517578,244.0,239.25,241.5,597941
2022-08-26,242.9499969482422,244.8999938964844,241.0,241.9499969482422,352399
2022-08-29,237.0,240.0,235.1000061035156,238.6000061035156,284403
2022-08-30,240.1999969482422,244.75,238.6999969482422,242.3000030517578,624093
2022-09-01,239.5,245.8500061035156,238.8000030517578,240.0,813149
2022-09-02,241.0,242.4499969482422,236.3500061035156,237.4499969482422,387908
2022-09-05,239.8000030517578,239.8000030517578,233.3000030517578,233.6999969482422,431204
2022-09-06,233.75,235.6499938964844,230.5500030517578,232.1499938964844,530886
2022-09-07,233.0,240.1000061035156,232.1999969482422,239.0,772754
2022-09-08,240.0500030517578,242.8000030517578,238.8000030517578,239.5,509387
2022-09-09,239.6499938964844,262.0,239.6499938964844,254.0,9755271
2022-09-12,256.75,257.1499938964844,250.4499969482422,252.6000061035156,1608820
2022-09-13,253.0,261.5,253.0,253.8999938964844,2063557
2022-09-14,249.9499969482422,255.0,247.6000061035156,253.8999938964844,1073769
2022-09-15,255.1999969482422,256.79998779296875,248.1499938964844,252.6999969482422,1463491
2022-09-16,252.6999969482422,256.0,242.75,244.8000030517578,1856846
2022-09-19,246.0,247.6499938964844,237.0,238.4499969482422,812153
2022-09-20,240.1000061035156,251.1000061035156,239.5,248.1499938964844,1578307
2022-09-21,247.6999969482422,252.3500061035156,240.6000061035156,241.6499938964844,903949
2022-09-22,241.0,244.6000061035156,238.1000061035156,240.25,547133
2022-09-23,241.3999938964844,242.5500030517578,233.0,234.1000061035156,537705
2022-09-26,232.0,233.3500061035156,220.4499969482422,222.3500061035156,1113076
2022-09-27,225.6499938964844,232.8500061035156,224.1499938964844,230.1999969482422,1066505
2022-09-28,229.0,231.0,226.0,227.8000030517578,445129
2022-09-29,228.9499969482422,233.75,227.3000030517578,229.5500030517578,600186
2022-09-30,230.6000061035156,232.8000030517578,227.1499938964844,230.9499969482422,386336
2022-10-03,232.1499938964844,232.4499969482422,225.3000030517578,227.3000030517578,366815
2022-10-04,229.0,231.75,222.5,223.3000030517578,2626217
2022-10-06,224.6999969482422,226.3999938964844,223.3999938964844,225.0500030517578,1690955
2022-10-07,226.1999969482422,226.1999969482422,221.0,225.75,1218657
2022-10-10,224.9499969482422,224.9499969482422,219.6000061035156,220.6999969482422,616542
2022-10-11,220.6999969482422,221.6000061035156,217.8500061035156,218.8000030517578,663944
2022-10-12,218.8000030517578,220.3999938964844,215.5500030517578,219.5,557924
2022-10-13,219.5,221.75,214.8999938964844,220.6000061035156,1167477
2022-10-14,222.0500030517578,224.0500030517578,220.0500030517578,222.8500061035156,391261
2022-10-17,222.1499938964844,223.0,218.6999969482422,220.3500061035156,552652
2022-10-18,222.8999938964844,222.8999938964844,216.5,218.8500061035156,1548284
2022-10-19,217.8000030517578,221.3000030517578,217.6000061035156,218.5,633478
2022-10-20,218.5,224.25,218.0500030517578,221.9499969482422,983611
2022-10-21,221.5,224.8000030517578,216.4499969482422,217.8999938964844,457456
2022-10-24,219.9499969482422,222.5500030517578,219.0500030517578,221.6000061035156,92461
2022-10-25,221.6000061035156,222.25,218.0500030517578,218.75,642760
2022-10-27,220.0,222.1999969482422,218.3000030517578,220.6499938964844,880459
2022-10-28,221.0,225.5,219.25,219.8500061035156,1894043
2022-10-31,220.9499969482422,226.8000030517578,220.8999938964844,226.1499938964844,718261
2022-11-01,227.0,228.4499969482422,224.0,226.75,828508
2022-11-02,226.8000030517578,228.0500030517578,223.25,226.0,745997
2022-11-03,224.9499969482422,228.5,224.6000061035156,225.3500061035156,539174
2022-11-04,226.25,226.6499938964844,224.1499938964844,225.3000030517578,428499
2022-11-07,226.4499969482422,232.0,225.3500061035156,230.1000061035156,1188458
2022-11-09,230.6000061035156,235.3500061035156,227.1499938964844,230.0500030517578,2039407
2022-11-10,230.0500030517578,234.6999969482422,229.9499969482422,234.3500061035156,1440171
2022-11-11,238.8000030517578,238.8000030517578,231.75,232.8999938964844,840043
2022-11-14,234.5,245.75,233.0,243.0500030517578,1738792
2022-11-15,244.75,257.70001220703125,244.0,252.5500030517578,4650773
2022-11-16,253.0,253.8999938964844,241.0,243.5,1205033
2022-11-17,243.5,245.3000030517578,238.1999969482422,239.1000061035156,536575
2022-11-18,239.1499938964844,243.6000061035156,235.5500030517578,237.4499969482422,2638535
2022-11-21,238.4499969482422,238.9499969482422,226.5,235.1999969482422,3090115
2022-11-22,245.8000030517578,258.5,231.1000061035156,238.1499938964844,13406113
2022-11-23,238.8000030517578,240.8000030517578,236.3000030517578,237.8500061035156,2700816
2022-11-24,239.0,261.6000061035156,236.5500030517578,260.45001220703125,9501517
2022-11-25,264.0,283.70001220703125,260.6499938964844,278.79998779296875,12318797
2022-11-28,279.0,280.1000061035156,270.0,272.75,2635466
2022-11-29,273.8500061035156,279.20001220703125,265.1000061035156,266.8999938964844,1798321
2022-11-30,268.6499938964844,271.0,264.3999938964844,269.5,1245538
2022-12-01,274.3999938964844,274.3999938964844,263.20001220703125,264.45001220703125,1022171
2022-12-02,265.95001220703125,268.8999938964844,262.6499938964844,263.70001220703125,576664
2022-12-05,265.8999938964844,267.8500061035156,257.6000061035156,261.0,812224
2022-12-06,260.0,276.0,259.0,266.95001220703125,4363866
2022-12-07,267.45001220703125,269.95001220703125,264.1000061035156,266.6499938964844,757453
2022-12-08,267.0,271.5,265.8500061035156,267.29998779296875,614962
2022-12-09,268.6000061035156,269.20001220703125,265.1000061035156,267.8999938964844,799897
2022-12-12,269.04998779296875,275.20001220703125,264.54998779296875,271.5,2232008
2022-12-13,271.8500061035156,284.5,271.5,274.5,2262476
2022-12-14,276.3999938964844,276.70001220703125,272.70001220703125,274.1499938964844,683734
2022-12-15,274.1000061035156,274.8500061035156,268.0,269.04998779296875,784482
2022-12-16,269.5,273.20001220703125,264.54998779296875,271.6000061035156,1308258
2022-12-19,272.79998779296875,272.95001220703125,265.0,271.95001220703125,605285
2022-12-20,273.1499938964844,274.8500061035156,269.04998779296875,272.29998779296875,1199860
2022-12-21,273.70001220703125,275.6499938964844,267.04998779296875,267.75,540009
2022-12-22,267.75,267.79998779296875,256.29998779296875,258.45001220703125,798868
2022-12-23,257.75,257.75,250.0500030517578,254.0500030517578,904826
2022-12-26,254.0500030517578,264.5,248.5500030517578,262.5,459378
2022-12-27,263.8500061035156,266.8500061035156,259.0,260.79998779296875,323758
2022-12-28,260.0,261.75,255.1999969482422,256.1000061035156,650945
2022-12-29,256.1000061035156,258.8999938964844,254.5,257.1499938964844,417886
2022-12-30,258.5,267.45001220703125,258.04998779296875,263.70001220703125,978729
2023-01-02,266.0,271.95001220703125,261.0,269.95001220703125,457131
2023-01-03,270.04998779296875,274.20001220703125,268.54998779296875,272.04998779296875,286378
2023-01-04,273.5,277.0,267.3999938964844,269.3999938964844,846523
2023-01-05,270.75,277.8500061035156,268.95001220703125,276.0,1167970
2023-01-06,277.0,277.0,272.3999938964844,275.54998779296875,414509
2023-01-09,282.8999938964844,283.3999938964844,275.54998779296875,279.45001220703125,1511657
2023-01-10,280.04998779296875,291.0,276.3500061035156,282.79998779296875,2115512
2023-01-11,283.5,284.70001220703125,274.0,275.3999938964844,427262
2023-01-12,275.1000061035156,281.0,274.04998779296875,278.25,264157
2023-01-13,279.75,279.75,269.1000061035156,269.8999938964844,493426
2023-01-16,270.1000061035156,280.0,269.0,277.8999938964844,949252
2023-01-17,277.5,278.70001220703125,271.3500061035156,275.45001220703125,316970
2023-01-18,275.95001220703125,277.3500061035156,272.25,274.0,280450
2023-01-19,273.75,274.29998779296875,266.45001220703125,267.8999938964844,649715
2023-01-20,268.0,271.20001220703125,266.0,266.45001220703125,268787
2023-01-23,267.70001220703125,277.79998779296875,266.5,274.79998779296875,789301
2023-01-24,275.0,275.75,269.0,270.0,534295
2023-01-25,268.0,270.0,262.04998779296875,266.70001220703125,499857
2023-01-27,266.70001220703125,270.79998779296875,262.95001220703125,265.3999938964844,486760
2023-01-30,266.0,274.0,262.0,269.04998779296875,2285238
2023-01-31,269.45001220703125,270.0,264.79998779296875,269.79998779296875,747675
2023-02-01,270.8500061035156,272.20001220703125,260.5,263.95001220703125,1860343
2023-02-02,263.20001220703125,267.95001220703125,260.5,261.75,402229
2023-02-03,261.79998779296875,264.25,257.04998779296875,259.79998779296875,299666
2023-02-06,260.8500061035156,263.04998779296875,256.20001220703125,260.8999938964844,225940
2023-02-07,262.25,263.1000061035156,254.5,259.20001220703125,466485
2023-02-08,260.1499938964844,270.5,258.3500061035156,268.95001220703125,786012
2023-02-09,268.0,268.8500061035156,259.1000061035156,260.04998779296875,901497
2023-02-10,259.75,266.95001220703125,259.04998779296875,265.75,720787
2023-02-13,265.0,267.3500061035156,259.5,265.8500061035156,449287
2023-02-14,265.0,278.0,261.0,275.79998779296875,1586808
2023-02-15,275.79998779296875,279.6000061035156,265.6000061035156,269.45001220703125,1014406
2023-02-16,269.5,270.1499938964844,263.8999938964844,266.75,692128
2023-02-17,266.0,279.25,264.5,275.6000061035156,558539
2023-02-20,277.0,280.0,271.3999938964844,272.6499938964844,664735
2023-02-21,274.70001220703125,274.70001220703125,268.0,268.8500061035156,144998
2023-02-22,268.79998779296875,271.1499938964844,265.20001220703125,266.95001220703125,671663
2023-02-23,267.04998779296875,274.04998779296875,265.0,270.75,755181
2023-02-24,271.0,280.79998779296875,266.6000061035156,278.45001220703125,1108001
2023-02-27,278.45001220703125,287.0,276.0,277.8999938964844,1630171
2023-02-28,277.5,283.5,271.79998779296875,282.8500061035156,1021432
2023-03-01,282.8500061035156,289.75,278.6000061035156,286.54998779296875,1862464
2023-03-02,286.54998779296875,290.3500061035156,281.04998779296875,282.8999938964844,808320
2023-03-03,283.8999938964844,284.3999938964844,275.45001220703125,277.3500061035156,623546
2023-03-06,278.70001220703125,294.5,277.6000061035156,292.6000061035156,2065406
2023-03-08,292.1499938964844,298.3999938964844,287.70001220703125,289.45001220703125,1342926
2023-03-09,290.0,292.75,288.20001220703125,289.3999938964844,325630
2023-03-10,288.0,288.04998779296875,279.54998779296875,281.79998779296875,502253
2023-03-13,283.0,283.25,272.3999938964844,277.95001220703125,527553
2023-03-14,276.0,284.0,271.04998779296875,280.8999938964844,624233
2023-03-15,280.8500061035156,283.25,275.0,276.45001220703125,390385
2023-03-16,275.0,275.04998779296875,268.6499938964844,274.29998779296875,690987
2023-03-17,274.5,277.20001220703125,268.1499938964844,270.0,454989
2023-03-20,271.0,278.6000061035156,263.5,269.54998779296875,1280720
2023-03-21,272.3999938964844,274.75,267.70001220703125,272.45001220703125,444031
2023-03-22,271.5,272.3500061035156,266.29998779296875,269.29998779296875,864181
2023-03-23,269.04998779296875,278.1000061035156,267.75,274.54998779296875,772651
2023-03-24,274.54998779296875,276.04998779296875,268.25,270.75,193739
2023-03-27,270.0,274.6000061035156,267.1000061035156,268.3500061035156,289430
2023-03-28,268.0,269.70001220703125,265.95001220703125,268.29998779296875,208486
2023-03-29,268.0,272.3500061035156,261.1499938964844,265.25,1203287
2023-03-31,267.0,269.3500061035156,262.3500061035156,265.0,544662
2023-04-03,267.0,268.25,260.5,262.5,594552
2023-04-05,266.0,266.3999938964844,262.3999938964844,265.5,263779
2023-04-06,266.0,274.3999938964844,265.3999938964844,271.8999938964844,655682
2023-04-10,271.8999938964844,273.5,267.79998779296875,268.8999938964844,184944
2023-04-11,271.45001220703125,278.29998779296875,269.04998779296875,277.1000061035156,821232
2023-04-12,278.0,280.5,272.5,274.45001220703125,579923
2023-04-13,275.79998779296875,277.5,269.54998779296875,276.3500061035156,385480
2023-04-17,276.3500061035156,277.3999938964844,265.79998779296875,266.79998779296875,519237
2023-04-18,267.8500061035156,270.8500061035156,265.0,265.75,424612
2023-04-19,266.20001220703125,267.70001220703125,263.25,265.25,322916
2023-04-20,265.29998779296875,266.6000061035156,262.0,263.54998779296875,259040
2023-04-21,263.75,264.70001220703125,262.0,263.20001220703125,251702
2023-04-24,264.0,265.20001220703125,262.45001220703125,264.29998779296875,151639
2023-04-25,265.3999938964844,267.79998779296875,264.0,265.6000061035156,221470
2023-04-26,271.0,293.29998779296875,271.0,284.6000061035156,8150090
2023-04-27,286.20001220703125,286.20001220703125,277.8500061035156,282.6499938964844,845790
2023-04-28,284.6000061035156,286.45001220703125,281.25,284.95001220703125,548710
2023-05-02,287.0,288.5,281.75,284.1499938964844,332331
2023-05-03,285.0,286.0,281.54998779296875,283.3500061035156,212661
2023-05-04,283.29998779296875,283.5,280.1000061035156,281.70001220703125,233813
2023-05-05,282.0,286.0,276.1000061035156,279.25,360966
2023-05-08,280.0,283.8500061035156,274.04998779296875,276.3999938964844,369643
2023-05-09,276.0,279.20001220703125,272.70001220703125,273.54998779296875,338105
2023-05-10,273.6000061035156,282.3999938964844,272.6000061035156,280.5,1811929
2023-05-11,283.29998779296875,298.6499938964844,281.1499938964844,288.3500061035156,3808046
2023-05-12,288.0,292.75,284.75,287.1000061035156,1115670
2023-05-15,287.29998779296875,289.20001220703125,282.5,283.75,426001
2023-05-16,283.75,286.1499938964844,278.5,280.25,1310769
2023-05-17,281.1499938964844,289.79998779296875,278.6499938964844,285.04998779296875,1003920
2023-05-18,285.54998779296875,288.45001220703125,276.20001220703125,277.8500061035156,404875
2023-05-19,279.5,284.0,274.1000061035156,282.6499938964844,385931
2023-05-22,283.25,287.04998779296875,280.0,286.1499938964844,270711
2023-05-23,287.75,291.5,287.1000061035156,289.70001220703125,479172
2023-05-24,288.0,290.20001220703125,284.95001220703125,288.95001220703125,285925
2023-05-25,286.20001220703125,303.0,286.20001220703125,293.75,2081555
2023-05-26,295.25,296.8500061035156,290.1000061035156,291.8999938964844,437627
2023-05-29,293.3500061035156,301.95001220703125,288.79998779296875,297.3999938964844,676573
2023-05-30,297.8999938964844,304.45001220703125,295.25,303.3500061035156,1165032
2023-05-31,303.0,303.3500061035156,297.04998779296875,300.5,396888
2023-06-01,304.0,305.6499938964844,300.0,304.29998779296875,397178
2023-06-02,304.79998779296875,304.79998779296875,300.5,302.6000061035156,214734
2023-06-05,304.20001220703125,304.20001220703125,295.04998779296875,296.6000061035156,599679
2023-06-06,297.0,298.20001220703125,293.5,295.0,152690
2023-06-07,296.0,299.75,293.70001220703125,296.95001220703125,292554
2023-06-08,294.0,298.0,291.20001220703125,294.79998779296875,374878
2023-06-09,294.79998779296875,295.75,292.20001220703125,294.3999938964844,460111
2023-06-12,295.8999938964844,300.6000061035156,293.20001220703125,298.54998779296875,1042109
2023-06-13,299.6000061035156,300.0,293.0,295.1000061035156,555147
2023-06-14,295.0,297.75,291.54998779296875,296.54998779296875,372876
2023-06-15,296.54998779296875,302.3999938964844,295.8999938964844,301.79998779296875,700246
2023-06-16,302.6000061035156,310.75,298.45001220703125,301.75,1556404
2023-06-19,301.6499938964844,302.5,293.5,297.0,331160
2023-06-20,296.0,301.79998779296875,295.8500061035156,299.1000061035156,311311
2023-06-21,298.0,303.3999938964844,298.0,299.20001220703125,189787
2023-06-22,299.79998779296875,300.3999938964844,294.75,296.6499938964844,692373
2023-06-23,297.0,300.29998779296875,294.25,296.25,778952
2023-06-26,296.3500061035156,300.25,296.3500061035156,297.79998779296875,517872
2023-06-27,298.3999938964844,301.0,294.5,295.3999938964844,393734
2023-06-28,297.0,297.3999938964844,285.1000061035156,286.6000061035156,601921
2023-06-30,288.6499938964844,291.70001220703125,283.0,284.45001220703125,464137
2023-07-03,286.3500061035156,294.5,285.04998779296875,292.0,1080058
2023-07-04,292.0,296.0,288.1499938964844,289.20001220703125,432607
2023-07-05,290.5,291.1499938964844,285.3500061035156,286.0,259010
2023-07-06,287.45001220703125,290.0,282.29998779296875,289.3999938964844,1694489
2023-07-07,289.8999938964844,292.0,285.5,287.25,752949
2023-07-10,288.8999938964844,290.1000061035156,285.5,289.1499938964844,725629
2023-07-11,289.8999938964844,298.95001220703125,289.20001220703125,298.1499938964844,735546
2023-07-12,299.1000061035156,299.8500061035156,293.6000061035156,296.20001220703125,391848
2023-07-13,297.79998779296875,298.0,289.75,292.29998779296875,492703
2023-07-14,295.0,298.45001220703125,293.0,295.5,1038248
2023-07-17,296.0,301.70001220703125,296.0,298.3500061035156,537322
2023-07-18,299.8999938964844,300.70001220703125,293.3500061035156,294.1000061035156,157002
2023-07-19,295.6000061035156,296.1499938964844,292.75,295.04998779296875,392905
2023-07-20,295.5,295.5,287.5,289.29998779296875,259658
2023-07-21,289.95001220703125,291.5,284.20001220703125,285.20001220703125,263492
2023-07-24,288.8999938964844,291.95001220703125,286.04998779296875,290.29998779296875,258723
2023-07-25,291.70001220703125,293.20001220703125,288.20001220703125,291.6000061035156,211644
2023-07-26,292.5,293.1499938964844,284.5,285.6000061035156,404642
2023-07-27,287.1000061035156,288.79998779296875,283.20001220703125,284.75,262416
2023-07-28,285.0,287.8999938964844,283.79998779296875,286.8500061035156,224370
2023-07-31,288.6000061035156,291.0,287.0,288.3500061035156,425147
2023-08-01,289.3999938964844,292.20001220703125,288.1000061035156,289.5,213595
2023-08-02,289.8999938964844,290.6499938964844,285.8999938964844,287.70001220703125,165759
2023-08-03,284.3500061035156,284.3500061035156,274.29998779296875,275.70001220703125,663795
2023-08-04,277.8500061035156,280.6499938964844,268.45001220703125,275.8999938964844,1092358
2023-08-07,279.8500061035156,284.79998779296875,277.1000061035156,281.8500061035156,642498
2023-08-08,284.8999938964844,292.0,281.20001220703125,283.95001220703125,923951
2023-08-09,284.95001220703125,285.0,277.6000061035156,282.6000061035156,318929
2023-08-10,284.1000061035156,286.20001220703125,278.5,279.20001220703125,398023
2023-08-11,280.6499938964844,281.29998779296875,276.3999938964844,278.6000061035156,177369
2023-08-14,279.3500061035156,280.1499938964844,272.6499938964844,273.29998779296875,436968
2023-08-16,273.0,274.70001220703125,269.29998779296875,271.6000061035156,2498952
2023-08-17,272.75,273.0,268.04998779296875,271.25,286102
2023-08-18,271.0,276.29998779296875,270.25,275.1000061035156,180613
2023-08-21,276.5,278.79998779296875,274.0,274.8999938964844,242424
2023-08-22,272.6000061035156,276.95001220703125,272.29998779296875,276.0,289108
2023-08-23,277.3500061035156,277.79998779296875,275.0,276.6000061035156,163472
2023-08-24,277.45001220703125,280.70001220703125,277.25,278.1499938964844,239231
2023-08-25,278.29998779296875,281.3999938964844,277.04998779296875,278.70001220703125,204251
2023-08-28,280.70001220703125,280.70001220703125,275.25,277.20001220703125,233464
2023-08-29,278.0,280.1499938964844,271.6499938964844,273.95001220703125,844419
2023-08-30,275.3500061035156,277.25,274.20001220703125,275.6499938964844,1740339
2023-08-31,277.1000061035156,277.6000061035156,274.0,276.1499938964844,350976
2023-09-01,272.79998779296875,279.0,271.5,277.3500061035156,779511
2023-09-04,280.0,280.95001220703125,275.70001220703125,276.5,1828128
2023-09-05,277.8999938964844,284.75,275.70001220703125,277.45001220703125,2117267
2023-09-06,280.0,291.3999938964844,278.25,280.04998779296875,3027037
2023-09-07,281.75,285.1000061035156,279.75,281.3500061035156,1069518
2023-09-08,283.0,291.20001220703125,281.29998779296875,282.6000061035156,1890020
2023-09-11,286.0,289.25,283.95001220703125,287.79998779296875,1460525
2023-09-12,289.0,292.0,278.54998779296875,282.25,2667905
2023-09-13,280.0,284.5,278.5,280.29998779296875,984018
2023-09-14,282.95001220703125,284.8500061035156,279.6499938964844,280.54998779296875,337291
2023-09-15,283.0,285.20001220703125,278.0,279.1000061035156,710464
2023-09-18,280.5,284.75,279.8999938964844,281.8500061035156,1122996
2023-09-20,283.1499938964844,288.8999938964844,279.29998779296875,287.70001220703125,1061845
2023-09-21,288.3500061035156,297.29998779296875,286.1000061035156,288.04998779296875,2551942
2023-09-22,290.79998779296875,290.79998779296875,284.3500061035156,288.1000061035156,463437
2023-09-25,288.54998779296875,289.79998779296875,284.0,284.75,223513
2023-09-26,285.75,286.45001220703125,282.29998779296875,284.20001220703125,224926
2023-09-27,285.0,288.8500061035156,282.20001220703125,287.5,639206
2023-09-28,288.8999938964844,289.8999938964844,281.04998779296875,283.0,385682
2023-09-29,284.45001220703125,285.8999938964844,279.45001220703125,282.20001220703125,738302
2023-10-03,283.3999938964844,290.8999938964844,283.3999938964844,284.5,757172
2023-10-04,285.0,286.54998779296875,280.3500061035156,283.8500061035156,317704
2023-10-05,285.0,288.70001220703125,284.04998779296875,287.29998779296875,323971
2023-10-06,288.79998779296875,291.29998779296875,285.1499938964844,290.04998779296875,782665
2023-10-09,290.0,291.95001220703125,285.6499938964844,288.1000061035156,389706
2023-10-10,295.0,296.6499938964844,285.3999938964844,286.8500061035156,719667
2023-10-11,289.5,290.8999938964844,286.6499938964844,287.3999938964844,249688
2023-10-12,289.3500061035156,290.5,285.3999938964844,288.6499938964844,324291
2023-10-13,288.0,289.8500061035156,284.3999938964844,284.95001220703125,329221
2023-10-16,285.1000061035156,299.3999938964844,284.54998779296875,288.1000061035156,2752005
2023-10-17,288.8999938964844,291.70001220703125,287.29998779296875,288.0,1233763
2023-10-18,289.1000061035156,292.1000061035156,285.04998779296875,288.8999938964844,1364095
2023-10-19,289.0,290.0,284.75,285.5,306391
2023-10-20,285.5,290.04998779296875,282.29998779296875,287.95001220703125,1474017
2023-10-23,288.8999938964844,288.8999938964844,268.20001220703125,271.6000061035156,985252
2023-10-25,274.8999938964844,280.45001220703125,273.5,274.5,1380927
2023-10-26,275.0,278.3999938964844,269.54998779296875,275.5,866447
2023-10-27,275.0,278.5,273.29998779296875,274.8500061035156,342783
2023-10-30,272.3999938964844,278.1499938964844,272.3999938964844,273.8999938964844,262574
2023-10-31,274.8999938964844,278.0,266.1000061035156,267.5,993756
2023-11-01,268.8999938964844,269.1499938964844,254.5,259.20001220703125,2592055
2023-11-02,262.75,266.3500061035156,262.20001220703125,262.95001220703125,323034
2023-11-03,265.1000061035156,267.8999938964844,263.79998779296875,266.5,677319
2023-11-06,269.70001220703125,275.3999938964844,267.25,272.6000061035156,519104
2023-11-07,285.0,289.0,276.5,279.20001220703125,3351102
2023-11-08,280.6000061035156,280.70001220703125,272.1000061035156,275.25,684100
2023-11-09,276.0,276.0,269.5,270.20001220703125,884814
2023-11-10,272.0,275.79998779296875,270.75,274.3999938964844,578232
2023-11-13,277.25,279.0,275.20001220703125,278.5,488258
2023-11-15,280.0,281.95001220703125,278.1000061035156,279.95001220703125,373897
2023-11-16,281.0,281.8500061035156,273.5,275.25,705754
2023-11-17,275.3999938964844,276.95001220703125,272.25,275.75,524292
2023-11-20,276.75,277.70001220703125,274.45001220703125,276.6000061035156,251229
2023-11-21,278.0,278.0,271.5,272.6000061035156,1421131
2023-11-22,272.5,274.8999938964844,268.45001220703125,273.45001220703125,909678
2023-11-23,275.1000061035156,277.95001220703125,273.79998779296875,276.04998779296875,431608
2023-11-24,277.45001220703125,280.25,274.79998779296875,277.95001220703125,542986
2023-11-28,277.95001220703125,284.20001220703125,277.6000061035156,282.70001220703125,863361
2023-11-29,283.8999938964844,286.0,280.45001220703125,284.79998779296875,828146
2023-11-30,284.8999938964844,290.0,284.04998779296875,288.5,1183399
2023-12-01,290.0,292.0,288.3999938964844,290.8999938964844,1154617
2023-12-04,292.1499938964844,294.79998779296875,286.45001220703125,288.8999938964844,933249
2023-12-05,289.1000061035156,290.25,283.04998779296875,284.04998779296875,1169186
2023-12-06,286.3999938964844,287.79998779296875,279.6000061035156,282.8999938964844,1251566
2023-12-07,283.5,289.8999938964844,281.54998779296875,286.1000061035156,2011700
2023-12-08,287.8999938964844,302.70001220703125,286.29998779296875,297.95001220703125,4072993
2023-12-11,299.1000061035156,302.25,296.45001220703125,301.0,1122764
2023-12-12,302.75,303.8999938964844,292.79998779296875,293.8999938964844,847497
2023-12-13,295.0,298.95001220703125,293.25,296.75,820185
2023-12-14,298.75,299.1499938964844,292.6000061035156,293.5,753697
2023-12-15,292.3500061035156,298.5,287.70001220703125,288.95001220703125,1167420
2023-12-18,292.0,293.45001220703125,284.25,285.70001220703125,993229
2023-12-19,286.0,290.54998779296875,286.0,287.8999938964844,1419363
2023-12-20,289.20001220703125,295.5,279.3999938964844,283.3999938964844,2143941
2023-12-21,282.0,291.45001220703125,279.0,289.8500061035156,847524
2023-12-22,292.1000061035156,295.1000061035156,290.0,293.8999938964844,1397396
2023-12-26,295.0,298.6000061035156,293.5,297.29998779296875,707315
2023-12-27,298.5,298.79998779296875,292.45001220703125,294.79998779296875,446457
2023-12-28,294.79998779296875,315.5,294.3999938964844,308.6000061035156,4753005
2023-12-29,311.0,312.25,303.0,306.0,1253834
2024-01-01,307.5,324.3500061035156,306.1000061035156,320.1000061035156,4231364
2024-01-02,321.79998779296875,335.3999938964844,319.25,330.1000061035156,6360561
2024-01-03,329.79998779296875,331.3999938964844,323.29998779296875,326.0,1192282
2024-01-04,327.0,337.0,323.1499938964844,334.1000061035156,2282546
2024-01-05,334.0,339.5,332.1000061035156,334.0,1176568
2024-01-08,336.6499938964844,336.70001220703125,325.29998779296875,326.6499938964844,717304
2024-01-09,328.6499938964844,337.79998779296875,325.0,327.6499938964844,904325
2024-01-10,328.5,329.95001220703125,313.1000061035156,318.70001220703125,2430429
2024-01-11,317.20001220703125,324.75,311.79998779296875,316.3500061035156,2214681
2024-01-12,321.0,328.5,319.6000061035156,321.8500061035156,885795
2024-01-15,325.0,331.3500061035156,319.0,322.75,1254756
2024-01-16,325.29998779296875,328.75,322.20001220703125,325.5,628948
2024-01-17,324.8999938964844,324.8999938964844,315.54998779296875,317.1000061035156,541645
2024-01-18,316.8500061035156,319.04998779296875,306.70001220703125,312.8999938964844,935755
2024-01-19,317.3999938964844,321.79998779296875,314.1000061035156,319.29998779296875,739628
2024-01-23,355.0,375.0,343.04998779296875,347.6499938964844,7376499
2024-01-24,347.6499938964844,370.3500061035156,346.75,363.75,3532358
2024-01-25,366.0,375.8999938964844,356.6000061035156,361.1499938964844,3313989
2024-01-29,360.0,379.0,356.0,363.5499877929688,2650129
2024-01-30,360.0,365.5,355.0,356.45001220703125,1738711
2024-01-31,355.0,370.0,353.1499938964844,367.8500061035156,2329132
2024-02-01,369.0,371.0,359.0,361.6499938964844,776303
2024-02-02,363.5499877929688,365.8999938964844,349.0,350.3999938964844,1844518
2024-02-05,352.8999938964844,373.75,352.1499938964844,368.3500061035156,3442650
2024-02-06,374.2000122070313,385.0,369.6499938964844,379.5499877929688,4312082
2024-02-07,385.0,390.0,373.3500061035156,386.1499938964844,3413027
2024-02-08,389.0,406.75,388.0,399.5499877929688,4138795
2024-02-09,400.0,403.9500122070313,371.0,384.0,2578151
2024-02-12,384.6000061035156,387.9500122070313,345.25,352.0,1799819
2024-02-13,351.45001220703125,358.54998779296875,341.1499938964844,352.8500061035156,1624553
2024-02-14,344.0,356.3999938964844,339.1000061035156,353.8500061035156,1014411
2024-02-15,354.0,382.0,351.6499938964844,373.75,4068616
2024-02-16,377.0,403.25,371.1000061035156,377.5,5859564
2024-02-19,380.5,380.5499877929688,368.8999938964844,371.0499877929688,1145296
2024-02-20,371.9500122070313,372.7000122070313,360.1000061035156,363.4500122070313,1111491
2024-02-21,365.0,376.0,362.2999877929688,373.75,1821214
2024-02-22,375.7999877929688,377.2000122070313,365.2000122070313,367.0499877929688,1059971
2024-02-23,369.5,375.1499938964844,361.0,370.9500122070313,1142228
2024-02-26,375.0,378.0,366.0,368.0,732512
2024-02-27,368.0,368.0,361.0499877929688,363.8999938964844,578910
2024-02-28,365.0,366.5499877929688,356.29998779296875,361.0499877929688,560946
2024-02-29,360.0,374.2000122070313,353.29998779296875,368.8999938964844,1339548
2024-03-01,371.8999938964844,372.7000122070313,359.54998779296875,366.3999938964844,946805
2024-03-04,367.8999938964844,377.0,361.7000122070313,372.4500122070313,1710800
2024-03-05,372.1499938964844,376.75,367.1000061035156,371.8999938964844,995816
2024-03-06,370.7000122070313,374.3999938964844,359.8500061035156,361.7999877929688,2695021
2024-03-07,361.8999938964844,366.8999938964844,359.1000061035156,364.8999938964844,484402
2024-03-11,367.1000061035156,368.3500061035156,356.54998779296875,358.70001220703125,444272
2024-03-12,357.5,361.25,351.79998779296875,353.54998779296875,707235
2024-03-13,351.79998779296875,356.95001220703125,333.29998779296875,335.95001220703125,1691109
2024-03-14,331.95001220703125,348.75,329.6000061035156,346.54998779296875,1028650
2024-03-15,349.20001220703125,352.0,335.1000061035156,339.1000061035156,957091
2024-03-18,338.95001220703125,348.6499938964844,336.79998779296875,342.20001220703125,547258
2024-03-19,344.3500061035156,348.20001220703125,337.29998779296875,338.95001220703125,661039
2024-03-20,340.79998779296875,349.1000061035156,340.0,344.0,2556528
2024-03-21,347.8999938964844,349.6499938964844,343.1000061035156,345.95001220703125,579753
2024-03-22,348.25,357.0,344.1499938964844,353.1499938964844,1007085
2024-03-26,354.6499938964844,363.4500122070313,347.70001220703125,349.25,1632834
2024-03-27,349.95001220703125,354.79998779296875,348.75,352.8500061035156,1593980
2024-03-28,352.8500061035156,358.0,349.1000061035156,356.5,2141195
2024-04-01,356.54998779296875,368.7000122070313,355.1000061035156,367.0,2230532
2024-04-02,369.75,373.3999938964844,363.0,366.25,630270
2024-04-03,365.25,374.3999938964844,364.0,367.25,1538503
2024-04-04,367.25,373.6499938964844,363.25,364.2999877929688,1058877
2024-04-05,365.8999938964844,379.8999938964844,364.0499877929688,374.5,2529478
2024-04-08,377.75,384.0,374.5499877929688,378.2999877929688,1305124
2024-04-09,382.0,388.0,374.7000122070313,384.3999938964844,1173645
2024-04-10,385.0,393.0,382.3500061035156,388.1000061035156,2078827
2024-04-12,388.0,388.0,374.1499938964844,376.7999877929688,889420
2024-04-15,365.1499938964844,386.7000122070313,361.0499877929688,379.8500061035156,1192280
2024-04-16,378.1000061035156,399.5,376.8500061035156,391.9500122070313,3241699
2024-04-18,393.0,399.0,380.4500122070313,385.8500061035156,1736075
2024-04-19,380.0,385.1000061035156,374.25,377.6499938964844,763420
2024-04-22,315.0,320.0,302.1499938964844,303.8500061035156,31045742
2024-04-23,300.1499938964844,327.6499938964844,298.1499938964844,301.29998779296875,27963216
2024-04-24,309.6000061035156,309.70001220703125,294.6000061035156,295.8999938964844,7164218
2024-04-25,297.8999938964844,299.1000061035156,292.5,293.29998779296875,3178444
2024-04-26,294.20001220703125,297.3500061035156,292.0,293.04998779296875,2750743
2024-04-29,296.0,301.8999938964844,295.0,298.5,3264556
2024-04-30,298.5,302.04998779296875,295.1000061035156,296.0,2503824
2024-05-02,296.5,297.75,293.45001220703125,294.1499938964844,3239964
2024-05-03,297.45001220703125,300.75,295.54998779296875,296.95001220703125,3167508
2024-05-06,298.0,299.5,291.54998779296875,292.20001220703125,3921697
2024-05-07,292.5,292.75,286.5,291.0,1482027
2024-05-08,288.75,294.6499938964844,287.0,293.6499938964844,901969
2024-05-09,297.0,297.0,288.8999938964844,290.79998779296875,1655765
2024-05-10,291.0,294.8999938964844,284.25,292.6499938964844,1074689
2024-05-13,292.6499938964844,295.8500061035156,287.0,290.45001220703125,2523328
2024-05-14,292.8999938964844,293.8500061035156,289.0,290.8999938964844,2120671
2024-05-15,291.79998779296875,293.45001220703125,289.1000061035156,291.1000061035156,1194690
2024-05-16,292.6000061035156,293.0,289.54998779296875,290.29998779296875,1469950
2024-05-17,291.04998779296875,295.95001220703125,289.6000061035156,295.20001220703125,1410894
2024-05-21,299.5,302.8999938964844,295.0,299.04998779296875,1890309
2024-05-22,300.6000061035156,301.29998779296875,295.1000061035156,297.79998779296875,1150648
2024-05-23,299.3500061035156,299.3500061035156,295.6000061035156,297.45001220703125,928262
2024-05-24,298.8999938964844,298.8999938964844,295.20001220703125,295.6499938964844,539038
2024-05-27,297.29998779296875,297.95001220703125,289.8999938964844,290.29998779296875,4191652
2024-05-28,291.04998779296875,295.1499938964844,289.6000061035156,291.75,784988
2024-05-29,291.54998779296875,293.75,287.1000061035156,290.3500061035156,1061422
2024-05-30,290.1000061035156,291.3500061035156,287.8999938964844,288.8500061035156,447815
2024-05-31,290.20001220703125,291.3500061035156,284.5,290.0,899832
2024-06-03,299.0,300.0,291.75,292.8999938964844,4287348
2024-06-04,293.95001220703125,294.20001220703125,260.04998779296875,285.95001220703125,3228659
2024-06-05,288.1499938964844,288.6000061035156,275.5,277.54998779296875,1708656
2024-06-06,280.1000061035156,286.04998779296875,276.54998779296875,278.04998779296875,3335066
2024-06-07,279.1000061035156,285.3500061035156,278.1000061035156,282.3500061035156,4294599
2024-06-10,286.70001220703125,298.70001220703125,283.20001220703125,295.6000061035156,3850735
2024-06-11,298.5,299.25,291.70001220703125,293.29998779296875,1542096
2024-06-12,295.0,304.3500061035156,293.75,299.45001220703125,2670593
2024-06-13,303.5,307.0,299.25,303.5,2397934
2024-06-14,304.79998779296875,309.79998779296875,304.1499938964844,304.79998779296875,2446609
2024-06-18,306.25,308.8999938964844,303.0,303.8500061035156,993681
2024-06-19,305.0,306.75,299.29998779296875,303.29998779296875,1236417
2024-06-20,302.04998779296875,310.70001220703125,302.04998779296875,307.6000061035156,1593374
2024-06-21,308.8999938964844,311.29998779296875,303.0,304.6499938964844,1087692
2024-06-24,305.0,308.70001220703125,301.1000061035156,301.70001220703125,848218
2024-06-25,302.6499938964844,305.75,299.8999938964844,301.25,549879
2024-06-26,302.29998779296875,302.8999938964844,297.0,297.3500061035156,679274
2024-06-27,297.3500061035156,297.95001220703125,294.6000061035156,296.3500061035156,896616
2024-06-28,296.3500061035156,305.54998779296875,295.0,296.54998779296875,2242429
2024-07-01,296.54998779296875,307.0,295.1000061035156,303.04998779296875,1841951
2024-07-02,303.0,306.6000061035156,300.20001220703125,301.6000061035156,1244048
2024-07-03,303.25,306.6000061035156,300.75,304.8999938964844,1145935
2024-07-04,304.6499938964844,309.0,301.8999938964844,306.70001220703125,1200619
2024-07-05,306.54998779296875,314.5,306.0,311.6000061035156,1944859
2024-07-08,313.04998779296875,316.0,310.45001220703125,311.8500061035156,992908
2024-07-09,311.95001220703125,316.0,309.8500061035156,311.3999938964844,1037396
2024-07-10,313.20001220703125,320.0,306.45001220703125,317.6499938964844,1970780
2024-07-11,319.8999938964844,323.3999938964844,316.04998779296875,317.70001220703125,1806702
2024-07-12,319.0,321.0,313.29998779296875,318.20001220703125,1351645
2024-07-15,319.95001220703125,326.1499938964844,314.3500061035156,324.6499938964844,2151143
2024-07-16,325.0,328.70001220703125,321.79998779296875,323.8500061035156,1154415
2024-07-18,326.0,327.79998779296875,318.0,320.95001220703125,3104077
2024-07-19,321.04998779296875,321.54998779296875,312.6000061035156,314.29998779296875,1214789
2024-07-22,312.75,318.79998779296875,310.04998779296875,315.04998779296875,1390039
2024-07-23,315.20001220703125,321.20001220703125,307.70001220703125,319.6499938964844,1774122
2024-07-24,319.70001220703125,326.0,316.6499938964844,325.04998779296875,781227
2024-07-25,320.04998779296875,333.29998779296875,319.75,328.1499938964844,1833984
2024-07-26,330.0,334.0,323.95001220703125,332.20001220703125,1369574
2024-07-29,332.3500061035156,343.6000061035156,332.3500061035156,335.3999938964844,1185876
2024-07-30,336.79998779296875,350.45001220703125,335.6499938964844,347.8999938964844,2420490
2024-07-31,349.20001220703125,351.8500061035156,338.0,339.25,1621848
2024-08-01,341.8500061035156,346.25,338.20001220703125,340.1499938964844,830600
2024-08-02,335.5,343.79998779296875,331.5,342.45001220703125,1406968
2024-08-05,328.04998779296875,340.6000061035156,328.04998779296875,337.25,2181816
2024-08-06,337.20001220703125,348.04998779296875,336.1000061035156,338.20001220703125,1636409
2024-08-07,344.0,344.0,330.04998779296875,332.70001220703125,1025475
2024-08-08,335.0,338.75,331.95001220703125,336.25,825283
2024-08-09,337.95001220703125,340.70001220703125,325.5,327.3500061035156,1555658
2024-08-12,327.3500061035156,329.0,322.1000061035156,326.8999938964844,713457
2024-08-13,326.8999938964844,328.5,316.95001220703125,321.1000061035156,773635
2024-08-14,321.0,322.45001220703125,315.3999938964844,319.45001220703125,669665
2024-08-16,320.04998779296875,323.04998779296875,318.04998779296875,318.6499938964844,424099
2024-08-19,323.8999938964844,332.20001220703125,319.0,320.04998779296875,978199
2024-08-20,321.79998779296875,327.8500061035156,320.04998779296875,326.95001220703125,661803
2024-08-21,327.54998779296875,335.0,325.6499938964844,332.0,934116
2024-08-22,335.0,338.29998779296875,330.3500061035156,334.04998779296875,1276001
2024-08-23,340.0,340.0,332.0,338.6000061035156,955997
2024-08-26,344.8999938964844,388.75,338.0,376.9500122070313,32920132
2024-08-27,379.4500122070313,407.0,379.4500122070313,390.9500122070313,36033473
2024-08-28,393.7999877929688,400.0,379.0,396.3500061035156,9683465
2024-08-29,399.1000061035156,423.0,394.0499877929688,419.2999877929688,26670729
2024-08-30,421.0,447.0,398.0,442.6000061035156,35024086
2024-09-02,419.9500122070313,469.7000122070313,415.0,459.5,47856661
2024-09-03,457.0,464.1000061035156,452.0,458.2000122070313,9247334
2024-09-04,455.0,460.0,444.1000061035156,445.6000061035156,4771825
2024-09-05,447.8999938964844,464.7000122070313,447.0,460.3999938964844,8789338
2024-09-06,456.0,461.5,442.3500061035156,446.3999938964844,3769276
2024-09-09,446.0,446.7999877929688,426.25,434.2000122070313,4029757
2024-09-10,439.8999938964844,439.8999938964844,431.0,433.75,4471636
2024-09-11,438.1000061035156,439.2999877929688,425.6000061035156,430.6499938964844,1502895
2024-09-12,430.7000122070313,435.0,426.1499938964844,428.1499938964844,1629395
2024-09-13,430.0,430.0,420.0499877929688,421.6000061035156,1784361
2024-09-16,421.7000122070313,425.0,413.0499877929688,415.2000122070313,2548032
2024-09-17,415.0,418.1499938964844,400.6000061035156,406.1499938964844,3818959
2024-09-18,406.0,406.0,396.0499877929688,401.1499938964844,3044158
2024-09-19,403.0,406.6000061035156,393.5,402.4500122070313,1370436
2024-09-20,404.0,404.6499938964844,396.5499877929688,401.5499877929688,1876036
2024-09-23,401.5499877929688,405.2999877929688,397.5499877929688,403.4500122070313,2911801
2024-09-24,406.0,408.5,401.0499877929688,402.9500122070313,1343519
2024-09-25,403.0,410.8999938964844,402.5,403.3500061035156,2378771
2024-09-26,404.8999938964844,408.5,401.6000061035156,406.1499938964844,2050884
2024-09-27,405.6000061035156,422.25,405.6000061035156,418.6499938964844,3701785
2024-09-30,425.0,435.0,420.0,425.0499877929688,3180567
2024-10-01,426.0,433.75,423.6000061035156,431.8999938964844,1526406
2024-10-03,424.0,433.1499938964844,418.7999877929688,421.8999938964844,1867547
2024-10-04,422.8500061035156,432.75,415.2000122070313,428.3500061035156,1791294
2024-10-07,427.5,429.3500061035156,405.75,410.2000122070313,2084587
2024-10-08,408.0,416.9500122070313,403.0,410.0,993999
2024-10-09,410.2000122070313,413.8500061035156,408.0499877929688,410.8500061035156,2383357
2024-10-10,414.9500122070313,415.9500122070313,408.0499877929688,410.2999877929688,1846266
2024-10-11,410.8500061035156,413.3999938964844,409.0,411.7000122070313,487995
2024-10-14,413.4500122070313,413.4500122070313,398.5499877929688,406.2000122070313,1192424
2024-10-15,409.9500122070313,410.8999938964844,401.7000122070313,404.0499877929688,1316063
2024-10-16,401.1000061035156,409.0,398.7999877929688,408.0499877929688,1043017
2024-10-17,410.0,410.0499877929688,394.2000122070313,395.1000061035156,1323799
2024-10-18,390.0,403.75,384.0499877929688,400.2000122070313,2539027
2024-10-21,399.75,401.7999877929688,390.0,390.9500122070313,847507
2024-10-22,389.1000061035156,394.6000061035156,383.0499877929688,386.1499938964844,971564
2024-10-23,381.6499938964844,396.7999877929688,378.6499938964844,390.2000122070313,1038377
2024-10-24,392.0,395.6000061035156,387.5499877929688,391.2999877929688,709709
2024-10-25,388.0499877929688,394.2000122070313,382.7999877929688,387.2000122070313,722615
2024-10-28,384.8500061035156,395.7999877929688,384.0,389.4500122070313,609542
2024-10-29,389.4500122070313,394.7000122070313,386.2999877929688,390.0499877929688,626594
2024-10-30,392.0499877929688,395.7999877929688,386.2999877929688,388.5499877929688,418252
2024-10-31,388.5499877929688,393.0,387.1000061035156,389.1000061035156,412370
2024-11-01,389.1000061035156,393.2000122070313,388.3500061035156,390.8999938964844,89308
2024-11-04,391.0499877929688,392.3999938964844,384.0499877929688,385.8500061035156,429344
2024-11-05,385.0,387.5499877929688,380.6000061035156,383.7999877929688,397470
2024-11-06,384.9500122070313,389.6499938964844,383.2000122070313,385.5499877929688,675851
2024-11-07,388.4500122070313,401.3999938964844,386.0499877929688,390.3999938964844,1713278
2024-11-08,387.0,388.1499938964844,380.0,380.8500061035156,748206
2024-11-11,380.0,383.8500061035156,377.7999877929688,382.6000061035156,416393
2024-11-12,385.0,388.75,370.7999877929688,372.1499938964844,699537
2024-11-13,370.7999877929688,371.6499938964844,357.29998779296875,359.8500061035156,1048455
2024-11-14,357.25,362.7000122070313,350.0,351.20001220703125,1445877
2024-11-18,349.0,349.0,322.20001220703125,324.5,3179455
2024-11-19,325.0,329.70001220703125,321.04998779296875,325.25,2004863
2024-11-21,325.25,335.0,321.79998779296875,332.1499938964844,1280880
2024-11-22,333.8500061035156,339.8999938964844,330.95001220703125,332.1000061035156,939193
2024-11-25,336.0,342.29998779296875,334.3999938964844,339.6000061035156,1049937
2024-11-26,341.29998779296875,346.5,340.0,345.70001220703125,404764
2024-11-27,344.0,345.5,340.0,342.1499938964844,793529
2024-11-28,343.45001220703125,349.79998779296875,342.5,347.1499938964844,935882
2024-11-29,344.70001220703125,355.29998779296875,343.6499938964844,354.1499938964844,1404326
2024-12-02,354.8500061035156,355.5,349.75,352.70001220703125,373464
2024-12-03,356.3500061035156,368.0499877929688,355.0,365.5,849709
2024-12-04,367.9500122070313,373.3500061035156,364.7999877929688,366.2000122070313,684286
2024-12-05,369.4500122070313,377.0,366.0499877929688,375.7000122070313,829015
2024-12-06,376.0,382.5,373.5499877929688,381.6000061035156,547142
2024-12-09,383.5499877929688,384.7000122070313,369.7000122070313,371.25,737595
2024-12-10,371.1499938964844,389.7999877929688,368.2999877929688,386.8500061035156,1871410
2024-12-11,386.9500122070313,394.7999877929688,384.0,387.3500061035156,798484
2024-12-12,387.5,389.2000122070313,377.0499877929688,381.1000061035156,2085234
2024-12-13,380.3500061035156,380.3500061035156,370.4500122070313,378.2000122070313,429392
2024-12-16,378.2000122070313,384.4500122070313,376.7000122070313,382.6000061035156,468364
2024-12-17,384.4500122070313,384.4500122070313,370.5,372.25,483319
2024-12-18,373.9500122070313,374.1000061035156,365.1499938964844,368.9500122070313,347700
2024-12-19,361.7999877929688,373.0,360.8999938964844,371.5499877929688,482141
2024-12-20,371.6000061035156,375.0,366.0499877929688,367.5,630294
2024-12-23,367.5,369.2999877929688,360.0,360.7000122070313,351662
2024-12-24,360.5,368.2000122070313,360.5,364.7000122070313,362488
2024-12-26,360.5,366.4500122070313,359.54998779296875,364.8500061035156,223195
2024-12-27,361.5,366.0499877929688,357.1000061035156,357.8500061035156,171978
2024-12-30,351.1000061035156,363.6499938964844,351.1000061035156,355.3500061035156,862960
2024-12-31,355.0,364.0,350.0,361.8999938964844,768166
2025-01-01,360.04998779296875,366.2000122070313,357.6000061035156,365.0,972532
2025-01-02,365.1000061035156,368.5499877929688,362.0,367.8999938964844,447033
2025-01-03,367.8999938964844,372.7000122070313,365.5,367.0499877929688,326106
2025-01-06,363.5,370.8500061035156,355.5,358.54998779296875,618394
2025-01-07,355.5,363.75,355.5,358.45001220703125,247116
2025-01-08,358.04998779296875,361.9500122070313,350.29998779296875,351.25,449785
2025-01-09,350.3500061035156,357.3999938964844,349.1000061035156,350.3500061035156,339647
2025-01-10,352.1499938964844,355.1000061035156,344.20001220703125,345.5,338305
2025-01-13,343.5,348.6000061035156,334.79998779296875,337.8500061035156,594766
2025-01-14,335.1499938964844,349.79998779296875,335.1499938964844,347.6499938964844,270309
2025-01-15,352.8500061035156,354.0,347.6499938964844,352.6000061035156,413766
2025-01-16,354.3999938964844,358.0,348.0,350.95001220703125,240097
2025-01-17,350.0,387.0,350.0,364.0,19967461
2025-01-20,363.0,371.25,361.75,367.75,1221100
2025-01-21,367.75,369.8999938964844,359.70001220703125,363.0,1435432
2025-01-22,366.0,372.6000061035156,358.5,359.95001220703125,1923127
2025-01-23,360.0,361.0,354.0,359.20001220703125,425426
2025-01-24,357.0,361.0,347.1000061035156,350.79998779296875,323590
2025-01-27,351.0,351.95001220703125,339.8999938964844,343.3999938964844,644537
2025-01-28,343.0,343.8999938964844,334.25,335.1000061035156,517791
2025-01-29,335.1000061035156,344.70001220703125,334.8500061035156,340.1000061035156,376020
2025-01-30,345.1000061035156,346.95001220703125,338.29998779296875,343.1499938964844,1082768
2025-01-31,339.54998779296875,346.95001220703125,339.5,345.70001220703125,402556
2025-02-01,345.79998779296875,347.75,332.75,335.20001220703125,681269
2025-02-03,333.04998779296875,343.6000061035156,330.75,339.25,854895
2025-02-04,337.3999938964844,345.0,335.70001220703125,342.95001220703125,417876
2025-02-05,342.95001220703125,348.04998779296875,341.0,342.8500061035156,427279
2025-02-06,340.0,344.3999938964844,332.5,335.45001220703125,486918
2025-02-07,337.0,338.8500061035156,329.0,333.75,612241
2025-02-10,327.6000061035156,335.6000061035156,319.29998779296875,322.1000061035156,944687
2025-02-11,322.95001220703125,322.95001220703125,306.20001220703125,308.1000061035156,394513
2025-02-12,306.6000061035156,309.95001220703125,294.75,300.29998779296875,723941
2025-02-13,300.0,304.29998779296875,292.04998779296875,294.04998779296875,779630
2025-02-14,294.04998779296875,298.6000061035156,282.04998779296875,284.04998779296875,1011001
2025-02-17,285.5,289.04998779296875,277.3999938964844,284.79998779296875,1095717
2025-02-18,285.8500061035156,285.95001220703125,278.75,284.25,614294
2025-02-19,281.0,288.29998779296875,281.0,285.5,523901
2025-02-20,285.5,287.75,281.20001220703125,286.75,864997
2025-02-21,288.29998779296875,291.70001220703125,284.0,286.45001220703125,760964
2025-02-24,285.8500061035156,285.8999938964844,275.6000061035156,278.5,950953
2025-02-25,278.5,281.29998779296875,278.0,279.54998779296875,410839
2025-02-27,280.95001220703125,282.95001220703125,278.0,279.04998779296875,776020
2025-02-28,276.6000061035156,279.0,270.0,272.25,757014
2025-03-03,274.75,280.95001220703125,262.5,267.8500061035156,817760
2025-03-04,264.0,272.95001220703125,261.45001220703125,271.79998779296875,633200
2025-03-05,272.0,297.8999938964844,272.0,291.79998779296875,1954884
2025-03-06,288.70001220703125,295.8500061035156,286.0,293.6499938964844,929511
2025-03-07,292.5,295.8999938964844,287.1000061035156,288.20001220703125,639386
2025-03-10,290.0,294.75,278.25,279.75,835260
2025-03-11,279.20001220703125,280.6499938964844,273.1499938964844,274.25,716336
2025-03-12,275.6499938964844,292.8999938964844,271.1499938964844,274.1499938964844,12655652
2025-03-13,277.0,277.95001220703125,270.8500061035156,272.5,1448108
2025-03-17,277.29998779296875,281.04998779296875,271.6499938964844,273.04998779296875,1334366
2025-03-18,273.04998779296875,273.04998779296875,273.04998779296875,273.04998779296875,0
2025-03-19,276.45001220703125,281.20001220703125,276.0,277.1499938964844,841526
2025-03-20,279.3999938964844,289.5,278.29998779296875,285.6499938964844,1552674
2025-03-21,288.0,289.95001220703125,284.45001220703125,288.70001220703125,1212549
2025-03-24,296.04998779296875,302.6000061035156,292.0,293.54998779296875,1514925
2025-03-25,295.5,297.04998779296875,286.54998779296875,288.95001220703125,547886
2025-03-26,288.95001220703125,292.75,286.75,287.8999938964844,688847
2025-03-27,287.8999938964844,300.04998779296875,286.0,297.1000061035156,769760
2025-03-28,295.5,299.75,289.54998779296875,291.29998779296875,764458
2025-04-01,292.0,295.5,289.3500061035156,294.04998779296875,505949
2025-04-02,294.0,294.45001220703125,286.75,293.6499938964844,347676
2025-04-03,289.04998779296875,300.0,289.04998779296875,298.3500061035156,546018
2025-04-04,298.0,298.0,287.04998779296875,289.8500061035156,391063
2025-04-07,275.0,289.8500061035156,271.5,286.1000061035156,603230
2025-04-08,289.0,292.75,286.45001220703125,291.45001220703125,328121
2025-04-09,291.5,298.0,287.04998779296875,294.3999938964844,337543
2025-04-11,300.3999938964844,317.54998779296875,294.0,314.25,1659579
2025-04-15,316.1499938964844,319.25,307.6499938964844,314.29998779296875,1214203
2025-04-16,314.0,316.04998779296875,308.70001220703125,310.0,439084
2025-04-17,311.6000061035156,314.25,304.79998779296875,313.6000061035156,902316
2025-04-21,314.20001220703125,321.45001220703125,311.1000061035156,318.70001220703125,414398
2025-04-22,319.25,328.3999938964844,312.25,317.54998779296875,633828
2025-04-23,318.95001220703125,321.5,314.29998779296875,320.5,324806
2025-04-24,321.0,324.20001220703125,315.20001220703125,318.3500061035156,424092
2025-04-25,316.1000061035156,323.54998779296875,310.20001220703125,321.29998779296875,798076
2025-04-28,321.29998779296875,321.75,314.1000061035156,318.3999938964844,344220
2025-04-29,318.5,334.6000061035156,318.3999938964844,329.95001220703125,921371
2025-04-30,329.8999938964844,329.8999938964844,318.20001220703125,325.0,737190
2025-05-02,323.20001220703125,323.45001220703125,316.3999938964844,318.3500061035156,226088
2025-05-05,318.0,332.20001220703125,316.95001220703125,330.25,411510
2025-05-06,330.6000061035156,334.20001220703125,318.20001220703125,319.0,232024
2025-05-07,315.1000061035156,324.20001220703125,313.79998779296875,322.70001220703125,270770
2025-05-08,322.70001220703125,327.3500061035156,311.0,314.6499938964844,289870
2025-05-09,312.95001220703125,325.95001220703125,309.45001220703125,321.5,453342
2025-05-12,328.0,332.1000061035156,327.1499938964844,329.8500061035156,267265
2025-05-13,330.0,355.0,328.0,347.25,982950
2025-05-14,350.0,350.04998779296875,340.0,346.70001220703125,830584
2025-05-15,346.70001220703125,352.0,340.75,348.1499938964844,561736
2025-05-16,348.0,357.79998779296875,346.1000061035156,350.3999938964844,423437
2025-05-19,354.1000061035156,358.45001220703125,347.1499938964844,351.3500061035156,323491
2025-05-20,352.5,360.6000061035156,342.20001220703125,344.6000061035156,521208
2025-05-21,342.8500061035156,355.1000061035156,342.8500061035156,350.29998779296875,1708495
2025-05-22,351.0,351.04998779296875,341.04998779296875,347.5,291288
2025-05-23,338.0,343.95001220703125,333.79998779296875,338.6499938964844,691648
2025-05-26,338.6499938964844,342.79998779296875,332.20001220703125,333.6000061035156,371431
2025-05-27,333.6000061035156,336.29998779296875,327.20001220703125,329.20001220703125,529812
2025-05-28,329.5,331.6499938964844,325.0,327.0,226810
2025-05-29,328.0,330.6499938964844,325.0,328.95001220703125,271217
2025-05-30,329.6000061035156,331.3500061035156,326.54998779296875,328.79998779296875,190836
2025-06-02,330.0,330.29998779296875,325.8999938964844,328.75,3122105
2025-06-03,330.3999938964844,334.54998779296875,328.1499938964844,331.95001220703125,297338
2025-06-04,333.6499938964844,336.8500061035156,329.6499938964844,335.3999938964844,228276
2025-06-05,336.6000061035156,338.29998779296875,329.0,331.95001220703125,613427
2025-06-06,333.0,333.20001220703125,328.20001220703125,329.0,251204
2025-06-09,330.6000061035156,335.5,329.29998779296875,334.04998779296875,943227
2025-06-10,334.95001220703125,340.95001220703125,331.6499938964844,335.6499938964844,1913552
2025-06-11,337.25,338.8500061035156,333.8999938964844,336.8500061035156,350927
2025-06-12,337.0,337.54998779296875,330.04998779296875,331.45001220703125,261405
2025-06-13,328.0,331.8500061035156,325.3999938964844,330.45001220703125,262922
2025-06-16,329.1000061035156,331.1499938964844,324.04998779296875,329.3500061035156,146254
2025-06-17,330.0,332.0,327.3500061035156,329.54998779296875,172599
2025-06-18,328.0,330.29998779296875,325.04998779296875,325.6499938964844,145630
2025-06-19,326.0,326.8999938964844,312.0,314.6000061035156,293750
2025-06-20,314.6000061035156,320.79998779296875,312.8999938964844,316.79998779296875,469090
2025-06-23,314.0,319.70001220703125,312.04998779296875,318.5,341648
2025-06-24,322.8999938964844,322.8999938964844,317.0,319.20001220703125,215690
2025-06-25,319.20001220703125,324.6000061035156,319.1499938964844,320.0,298545
2025-06-26,320.0,321.79998779296875,317.3500061035156,319.8500061035156,232533
2025-06-27,321.0,343.29998779296875,321.0,330.20001220703125,4935147
2025-06-30,330.20001220703125,334.0,324.3500061035156,329.54998779296875,470802
2025-07-01,329.54998779296875,337.79998779296875,328.04998779296875,335.1499938964844,764856
2025-07-02,335.1499938964844,338.8999938964844,332.0,335.04998779296875,1337979
2025-07-03,336.1499938964844,340.8999938964844,335.5,339.0,1990150
2025-07-04,341.54998779296875,341.54998779296875,334.04998779296875,335.0,328406
2025-07-07,336.5,337.3500061035156,329.1499938964844,334.1499938964844,188139
2025-07-08,333.0,335.1499938964844,327.54998779296875,330.5,400700
2025-07-09,331.0,333.5,328.04998779296875,331.75,169751
2025-07-10,332.95001220703125,332.95001220703125,325.6000061035156,327.6000061035156,288712
2025-07-11,328.5,331.5,325.8999938964844,327.45001220703125,789222
2025-07-14,328.45001220703125,328.45001220703125,322.1000061035156,322.8999938964844,279322
2025-07-15,324.1000061035156,327.29998779296875,321.3500061035156,323.95001220703125,317897
2025-07-16,323.95001220703125,333.5,323.95001220703125,331.54998779296875,364061
2025-07-17,331.0,337.0,330.95001220703125,335.79998779296875,370802
2025-07-18,337.6499938964844,338.75,331.1499938964844,334.8999938964844,295541
2025-07-21,333.8500061035156,333.8500061035156,325.5,329.6499938964844,398713
2025-07-22,328.6000061035156,338.3999938964844,328.6000061035156,332.25,549122
2025-07-23,332.8999938964844,348.0,329.3500061035156,331.6499938964844,3167510
2025-07-24,330.3999938964844,333.20001220703125,329.6000061035156,332.6499938964844,172762
2025-07-25,332.0,332.0,322.3999938964844,323.54998779296875,210840
2025-07-28,323.3999938964844,326.95001220703125,320.1000061035156,321.45001220703125,236129
2025-07-29,320.3999938964844,323.8500061035156,318.1000061035156,320.95001220703125,131779
2025-07-30,319.5,323.95001220703125,319.5,323.29998779296875,249401
2025-07-31,320.0,321.6000061035156,313.0,315.25,179614
2025-08-01,316.75,317.54998779296875,308.25,308.8999938964844,230309
2025-08-04,308.95001220703125,310.1000061035156,300.75,305.29998779296875,272436
2025-08-05,307.0,311.3999938964844,304.29998779296875,307.8999938964844,201636
2025-08-06,309.3999938964844,312.45001220703125,301.0,303.6499938964844,301276
2025-08-07,301.5,304.6000061035156,296.3999938964844,299.75,248107
2025-08-08,301.25,312.0,297.70001220703125,304.5,699861
2025-08-11,304.45001220703125,309.6499938964844,300.3500061035156,302.8999938964844,342263
2025-08-12,303.0,306.6000061035156,300.8500061035156,303.75,1050303
2025-08-13,305.45001220703125,314.70001220703125,301.3999938964844,302.79998779296875,730311
2025-08-14,304.3999938964844,308.8500061035156,298.8500061035156,301.54998779296875,220668
2025-08-18,303.1000061035156,306.0,301.1499938964844,304.8999938964844,158580
2025-08-19,304.8999938964844,308.5,303.3999938964844,306.8500061035156,125315
2025-08-20,306.8500061035156,307.6499938964844,301.70001220703125,303.0,2487139
2025-08-21,303.0,311.6000061035156,303.0,305.04998779296875,376157
2025-08-22,306.54998779296875,308.25,302.95001220703125,305.70001220703125,804986
2025-08-25,305.70001220703125,307.0,298.1000061035156,299.45001220703125,415914
2025-08-26,299.3999938964844,301.20001220703125,295.04998779296875,296.29998779296875,1267462
2025-08-27,296.29998779296875,296.29998779296875,296.29998779296875,296.29998779296875,0
2025-08-28,296.29998779296875,297.6499938964844,290.20001220703125,290.70001220703125,264833
2025-08-29,290.54998779296875,293.0,289.1000061035156,289.8999938964844,333482
2025-09-01,291.3500061035156,298.0,287.54998779296875,293.54998779296875,668181
2025-09-02,296.3999938964844,302.0,294.20001220703125,297.54998779296875,963695
2025-09-03,298.6000061035156,307.3500061035156,298.6000061035156,302.0,457898
2025-09-04,308.0,308.0,302.75,303.70001220703125,205434
2025-09-05,306.20001220703125,308.20001220703125,299.20001220703125,299.8999938964844,285722
2025-09-08,302.29998779296875,303.79998779296875,299.0,299.45001220703125,213054
2025-09-09,300.8500061035156,304.79998779296875,300.1000061035156,302.95001220703125,430085
2025-09-10,301.0,301.8500061035156,290.79998779296875,299.6000061035156,473449
2025-09-11,298.04998779296875,314.70001220703125,297.0,310.0,5399244
